hmm,rmse,nrmse,log_rmse,log_nrmse,rmse_prob,nrmse_prob,law,priors,P,K,flip_prob,gammas,betas,C,alpha,n_c,L,x_0
0,0.04966713860630989,0.4242571294307709,inf,-0.0,0.04431368410587311,0.04976940155029297,bayesian_original,1.0,[0.8691868185997009],1.31326162815094,0.0,,,,,,,
0,0.049666017293930054,0.42424753308296204,inf,-0.0,0.044312696903944016,0.04976829141378403,bayesian_sampling,1.0,,1.31326162815094,0.0,0.8691892027854919,0.43459460139274597,,,,,
0,0.04965045303106308,0.4241145849227905,inf,-0.0,0.04429878666996956,0.049752671271562576,bayesian_scoring,1.0,,1.0820027589797974,0.0,0.8692179918289185,0.43460899591445923,,,,,
0,0.04398130252957344,0.37568867206573486,inf,-0.0,0.03898236155509949,0.04378170892596245,power,,,-2.131678819656372,0.0,,,10.056900024414062,2.6569302082061768,,,
0,0.04398198053240776,0.3756944537162781,inf,-0.0,0.03898333013057709,0.0437827967107296,bounded,,,0.11865897476673126,0.0,,,14.520956993103027,3.2653541564941406,0.5812962651252747,,
0,0.04417332634329796,0.37732893228530884,inf,-0.0,0.039207812398672104,0.044034916907548904,logistic,,,3.810455560684204,0.0,,,-2.1080617904663086,,,6.4702911376953125,0.4582706689834595
0,0.5148035287857056,1.7470372915267944,0.48403212428092957,-0.3683312237262726,0.07898467779159546,0.10239006578922272,bayesian_original,1.0,[0.7698092460632324],1.31326162815094,0.1,,,,,,,
0,0.5148808360099792,1.7472996711730957,0.4835221469402313,-0.36838653683662415,0.07897156476974487,0.10237307101488113,bayesian_sampling,1.0,,1.31326162815094,0.1,0.7707191705703735,0.38535958528518677,,,,,
0,0.5148742198944092,1.7472772598266602,0.48356103897094727,-0.3683817982673645,0.0789719745516777,0.10237360000610352,bayesian_scoring,1.0,,1.332756757736206,0.1,0.7706444263458252,0.3853222131729126,,,,,
0,0.5167056322097778,1.7534923553466797,0.4817339777946472,-0.3696921467781067,0.08050783723592758,0.10436458140611649,power,,,-1.4299646615982056,0.1,,,5.6966094970703125,1.944628357887268,,,
0,0.51662278175354,1.7532111406326294,0.4815441370010376,-0.36963286995887756,0.08039407432079315,0.10421710461378098,bounded,,,0.24016991257667542,0.1,,,9.21097183227539,2.698063611984253,0.6300833225250244,,
0,0.5163905024528503,1.7524229288101196,0.4810805320739746,-0.3694666624069214,0.08008205145597458,0.10381262004375458,logistic,,,2.633159875869751,0.1,,,-1.4170680046081543,,,3.7589399814605713,0.556246817111969
0,0.34401074051856995,0.5755398273468018,0.2932238280773163,-0.6077150702476501,0.07921116054058075,0.1405053734779358,bayesian_original,1.0,[0.5882864594459534],1.31326162815094,0.25,,,,,,,
0,0.3443353474140167,0.5760828852653503,0.2939559817314148,-0.6082885265350342,0.07951571047306061,0.14104558527469635,bayesian_sampling,1.0,,1.31326162815094,0.25,0.5892548561096191,0.29462742805480957,,,,,
0,0.3441353440284729,0.5757482647895813,0.29350271821022034,-0.6079351902008057,0.07932738214731216,0.14071151614189148,bayesian_scoring,1.0,,1.2575039863586426,0.25,0.58865886926651,0.294329434633255,,,,,
0,0.3508320450782776,0.5869520306587219,0.31103867292404175,-0.6197653412818909,0.0861504003405571,0.15281423926353455,power,,,-0.6908336281776428,0.25,,,5.70781135559082,1.7210835218429565,,,
0,0.35057589411735535,0.5865234732627869,0.3103245496749878,-0.6193128228187561,0.08588431775569916,0.15234225988388062,bounded,,,0.502403199672699,0.25,,,7.045650482177734,2.414666175842285,0.791957437992096,,
0,0.35027170181274414,0.5860145688056946,0.30945131182670593,-0.6187754273414612,0.08555949479341507,0.1517660915851593,logistic,,,2.2265477180480957,0.25,,,-0.686109721660614,,,3.121957778930664,0.7330790758132935
0,0.2562410831451416,0.19535832107067108,0.16323299705982208,0.987768828868866,0.05326780676841736,0.1936311274766922,bayesian_original,1.0,[0.3000406324863434],1.31326162815094,0.5,,,,,,,
0,0.25905507802963257,0.1975037157535553,0.1657659411430359,0.9986163377761841,0.05421597138047218,0.19707775115966797,bayesian_sampling,1.0,,1.31326162815094,0.5,0.3020066022872925,0.15100330114364624,,,,,
0,0.2577971816062927,0.19654469192028046,0.16462963819503784,0.9937673807144165,0.05379020422697067,0.19553007185459137,bayesian_scoring,1.0,,1.354521632194519,0.5,0.3011387586593628,0.1505693793296814,,,,,
0,0.2745152413845062,0.20929054915905,0.18012945353984833,1.0582128763198853,0.05963100865483284,0.21676167845726013,power,,,0.15172700583934784,0.5,,,5.313432693481445,1.4304382801055908,,,
0,0.27598151564598083,0.21040844917297363,0.18153735995292664,1.063865065574646,0.06016644835472107,0.21870803833007812,bounded,,,1.162487506866455,0.5,,,5.400393486022949,2.059152841567993,0.9676213264465332,,
0,0.2745014727115631,0.20928005874156952,0.1801304966211319,1.0581597089767456,0.059633929282426834,0.21677230298519135,logistic,,,2.034316301345825,0.5,,,0.15306508541107178,,,3.1427221298217773,0.9394562840461731
0,0.20201201736927032,0.11461273580789566,0.11434090882539749,0.35901540517807007,0.03467455133795738,0.19955186545848846,bayesian_original,1.0,[0.15207579731941223],1.31326162815094,0.75,,,,,,,
0,0.2015649676322937,0.11435910314321518,0.11409648507833481,0.3582209348678589,0.03460340574383736,0.1991424262523651,bayesian_sampling,1.0,,1.31326162815094,0.75,0.15219125151634216,0.07609561085700989,,,,,
0,0.20228485763072968,0.11476753652095795,0.11448990553617477,0.35950031876564026,0.03471788018941879,0.1998012214899063,bayesian_scoring,1.0,,1.1795485019683838,0.75,0.15200865268707275,0.07600434124469757,,,,,
0,0.16507546603679657,0.09365656226873398,0.09277275949716568,0.2933718264102936,0.028085982427001,0.1616346836090088,power,,,0.5700982213020325,0.75,,,2.7227396965026855,0.8308194875717163,,,
0,0.16836227476596832,0.09552135318517685,0.0949430912733078,0.29921314120292664,0.02880329079926014,0.165762796998024,bounded,,,1.8000909090042114,0.75,,,2.6742873191833496,1.2520557641983032,0.9999833106994629,,
0,0.16485971212387085,0.09353414922952652,0.0926320031285286,0.2929883897304535,0.028039703145623207,0.16136835515499115,logistic,,,1.0119152069091797,0.75,,,0.5738325119018555,,,2.279522180557251,0.8398684859275818
0,0.2912295162677765,0.3097347021102905,0.2768279016017914,-4.487368106842041,0.10121776908636093,0.258426696062088,bayesian_original,1.0,[0.29488688707351685],1.31326162815094,1.0,,,,,,,
0,0.2967221140861511,0.3155762851238251,0.2812766432762146,-4.572000026702881,0.10281889140605927,0.2625146210193634,bayesian_sampling,1.0,,1.31326162815094,1.0,0.2932133674621582,0.1466066837310791,,,,,
0,0.29311004281044006,0.31173470616340637,0.2783532440662384,-4.51634407043457,0.10176693648099899,0.2598288059234619,bayesian_scoring,1.0,,0.5486541986465454,1.0,0.2943124771118164,0.1471562385559082,,,,,
0,0.08028551191091537,0.0853869765996933,0.08373280614614487,-1.2370678186416626,0.030653096735477448,0.07826272398233414,power,,,-0.5881609320640564,1.0,,,4.064543724060059,0.44035422801971436,,,
0,0.0771600529551506,0.08206292241811752,0.08041253685951233,-1.188909649848938,0.029431268572807312,0.07514318078756332,bounded,,,0.7189276218414307,1.0,,,2.215942859649658,0.7286093235015869,2.26147723197937,,
0,0.07856081426143646,0.08355268836021423,0.0818827673792839,-1.2104930877685547,0.029972951859235764,0.07652619481086731,logistic,,,0.7206104397773743,1.0,,,-0.3697783052921295,,,2.8695571422576904,2.1026995182037354
